SLUG, BRAND
byggtilbehor/batteri/alkaliske-batterier,Brand%3aenergizer
maleinstrumenter/alkometer,Brand:dr%C3%A4ger
verneutstyr/anderettsvern,Brand%3atiki
verneutstyr/anderettsvern,Brand%3a3m+peltor
verneutstyr/anderettsvern,price%3aunder-1000
verktoy/stasjonare-verktoy/arbeidsbordvogn,Brand%3abosch
verktoy/stasjonare-verktoy/arbeidsbordvogn,Brand%3amakita
verktoy/stasjonare-verktoy/arbeidsbordvogn,Brand%3adewalt
verktoy/stasjonare-verktoy/arbeidsbordvogn,Brand%3ahitachi
verktoy/stasjonare-verktoy/arbeidsbordvogn,Brand%3amilwaukee
verktoy/stasjonare-verktoy/arbeidsbordvogn,Brand%3aaerfast
verktoy/stasjonare-verktoy/arbeidsbordvogn,Brand%3aflex
verktoy/stasjonare-verktoy/arbeidsbordvogn,price%3aunder-1000
verktoy/stasjonare-verktoy/arbeidsbordvogn,price%3a1000-5000
byggtilbehor/stige/arbeidsbukk,Brand%3alaggo
byggtilbehor/stige/arbeidsbukk,Brand%3azarges
byggtilbehor/belysning/arbeidslampe,Brand%3amakita
byggtilbehor/belysning/arbeidslampe,Brand%3amilwaukee
byggtilbehor/belysning/arbeidslampe,Brand%3acat
byggtilbehor/belysning/arbeidslampe,Brand%3adewalt
byggtilbehor/belysning/arbeidslampe,Brand%3abosch
byggtilbehor/belysning/arbeidslampe,Brand%3ahitachi
byggtilbehor/belysning/arbeidslampe,Brand:el-bj%C3%B6rn
byggtilbehor/belysning/arbeidslampe,Brand%3aflex
byggtilbehor/belysning/arbeidslampe,Brand%3aphilips
verktoy/handverktoy/arbetsbank,Brand%3abahco
byggtilbehor/arbetsklar,Brand%3amilwaukee
verktoy/handverktoy/roravgrader,Brand%3arothenberger
maleinstrumenter/avveingsinstrument,Brand%3aleica
maleinstrumenter/avveingsinstrument,Brand%3abosch
maleinstrumenter/avveingsinstrument,Brand%3acst%2fberger
maleinstrumenter/avveingsinstrument,Brand%3anedo
maleinstrumenter/avveingsinstrument,price%3aunder-1000
maleinstrumenter/avveingsinstrument,price%3a1000-5000
maleinstrumenter/avveingsinstrument,price%3aover-5000
verktoy/stasjonare-verktoy/benkslipemaskin,Brand%3amakita
byggtilbehor/batteri,Brand%3agp+powerbank
byggtilbehor/batteri,Brand%3aenergizer
byggtilbehor/batteri,Brand%3aleica
byggtilbehor/industristovsuger/batteridrevne-stovsugere,Brand%3amakita
byggtilbehor/industristovsuger/batteridrevne-stovsugere,Brand%3adewalt
byggtilbehor/industristovsuger/batteridrevne-stovsugere,Brand%3amilwaukee
byggtilbehor/industristovsuger/batteridrevne-stovsugere,Brand%3abosch
byggtilbehor/industristovsuger/batteridrevne-stovsugere,Brand%3ahitachi
byggtilbehor/industristovsuger/batteridrevne-stovsugere,price%3a1000-5000
verktoy/batteridrevne-verktoy,Brand%3amilwaukee
verktoy/batteridrevne-verktoy,Brand%3amakita
verktoy/batteridrevne-verktoy,Brand%3abosch
verktoy/batteridrevne-verktoy,Brand%3ahitachi
verktoy/batteridrevne-verktoy,Brand%3adewalt
verktoy/batteridrevne-verktoy,Brand%3afein
verktoy/batteridrevne-verktoy,Brand%3aflex
verktoy/batteridrevne-verktoy,Brand%3amax
verktoy/batteridrevne-verktoy,Brand:dr%C3%A4co
verktoy/batteridrevne-verktoy,Brand%3arapid
verktoy/batteridrevne-verktoy,price%3a1000-5000
verktoy/batteridrevne-verktoy,price%3aover-5000
byggtilbehor/batteri/batteriladere,Brand%3agp+powerbank
byggtilbehor/batteri/batteriladere,Brand%3aleica
byggtilbehor/belysning,Brand%3aled+lenser
byggtilbehor/belysning,Brand%3acoast
byggtilbehor/belysning,Brand%3amakita
byggtilbehor/belysning,Brand%3acat
byggtilbehor/belysning,Brand%3amilwaukee
byggtilbehor/belysning,Brand%3apetzl
byggtilbehor/belysning,Brand%3adewalt
byggtilbehor/belysning,Brand%3abosch
byggtilbehor/belysning,Brand%3ahitachi
byggtilbehor/belysning,Brand:el-bj%C3%B6rn
byggtilbehor/belysning,price%3aunder-1000
byggtilbehor/belysning,price%3a1000-5000
verktoy/bensindrevne-verktoy,Brand%3amakita
verktoy/bensindrevne-verktoy,price%3a1000-5000
verktoy/bensindrevne-verktoy,price%3aover-5000
verktoy/forbruksmateriale/meisler,Brand%3abosch
verktoy/forbruksmateriale/meisler,Brand%3amakita
verktoy/nettdrevne-verktoy/meiselhammer,Brand%3amakita
verktoy/nettdrevne-verktoy/meiselhammer,Brand%3abosch
verktoy/nettdrevne-verktoy/meiselhammer,Brand%3amilwaukee
verktoy/nettdrevne-verktoy/meiselhammer,Brand%3aflex
verktoy/nettdrevne-verktoy/meiselhammer,Brand%3ahitachi
verktoy/nettdrevne-verktoy/meiselhammer,price%3a1000-5000
verktoy/forbruksmateriale/bits,Brand%3abosch
verktoy/forbruksmateriale/bits,Brand%3amakita
verktoy/forbruksmateriale/bits,Brand%3awera
verktoy/forbruksmateriale/bits,Brand%3adewalt
verktoy/forbruksmateriale/bits,Brand%3ahitachi
verktoy/forbruksmateriale/bits,Brand%3amilwaukee
verktoy/forbruksmateriale/bits,price%3aunder-1000
verktoy/forbruksmateriale/maskinvisp,Brand%3abosch
verktoy/stasjonare-verktoy/bordsirkelsag,Brand%3abosch
verktoy/stasjonare-verktoy/bordsirkelsag,Brand%3adewalt
verktoy/stasjonare-verktoy/bordsirkelsag,Brand%3aaeg
verktoy/stasjonare-verktoy/bordsirkelsag,Brand%3amakita
verktoy/stasjonare-verktoy/bordsirkelsag,price%3a1000-5000
verktoy/stasjonare-verktoy/bordsirkelsag,price%3aover-5000
verktoy/nettdrevne-verktoy/bormaskin,Brand%3abosch
verktoy/nettdrevne-verktoy/bormaskin,Brand%3amakita
verktoy/nettdrevne-verktoy/bormaskin,Brand%3aeuroboor
verktoy/nettdrevne-verktoy/bormaskin,Brand%3afein
verktoy/nettdrevne-verktoy/bormaskin,Brand%3ahitachi
verktoy/forbruksmateriale/borr,Brand%3abosch
verktoy/forbruksmateriale/borr,Brand%3amakita
verktoy/forbruksmateriale/borr,Brand%3adewalt
verktoy/forbruksmateriale/borr,Brand%3amilwaukee
verktoy/forbruksmateriale/borr,Brand%3aeuroboor
verktoy/forbruksmateriale/borr,Brand%3ahitachi
verktoy/forbruksmateriale/borr,price%3aunder-1000
verktoy/forbruksmateriale/borr,price%3a1000-5000
byggtilbehor/kontorsmaskin/brev--og-pakkebolge,Brand%3adymo
byggtilbehor/byggsentral,Brand:el-bj%C3%B6rn
byggtilbehor/byggsentral,price%3a1000-5000
byggtilbehor/byggsentral,price%3aover-5000
laserinstrumenter/bygg--og-rotasjonslaser,Brand%3aleica
laserinstrumenter/bygg--og-rotasjonslaser,Brand%3atopcon
laserinstrumenter/bygg--og-rotasjonslaser,Brand%3abosch
laserinstrumenter/bygg--og-rotasjonslaser,Brand%3anedo
laserinstrumenter/bygg--og-rotasjonslaser,Brand%3acst%2fberger
laserinstrumenter/bygg--og-rotasjonslaser,Brand%3ahyssna
laserinstrumenter/bygg--og-rotasjonslaser,Brand%3aagatec
laserinstrumenter/bygg--og-rotasjonslaser,Brand%3ageo+fennel
laserinstrumenter/bygg--og-rotasjonslaser,price%3aunder-1000
laserinstrumenter/bygg--og-rotasjonslaser,price%3a1000-5000
laserinstrumenter/bygg--og-rotasjonslaser,price%3aover-5000
byggtilbehor/radio,Brand%3adewalt
byggtilbehor/radio,Brand%3abosch
byggtilbehor/radio,Brand%3amakita
byggtilbehor/radio,Brand%3amilwaukee
byggtilbehor/radio,Brand%3ahitachi
byggtilbehor/radio,price%3a1000-5000
byggtilbehor,Brand%3apullman+ermator
byggtilbehor,Brand%3amakita
byggtilbehor,Brand%3abosch
byggtilbehor,Brand%3aled+lenser
byggtilbehor,Brand%3acoast
byggtilbehor,Brand%3aflex
byggtilbehor,Brand%3amilwaukee
byggtilbehor,Brand%3anilfisk
byggtilbehor,Brand:el-bj%C3%B6rn
byggtilbehor,Brand%3adymo
byggtilbehor,price%3aunder-1000
byggtilbehor,price%3a1000-5000
byggtilbehor,price%3aover-5000
byggtilbehor/industristovsuger,Brand%3apullman+ermator
byggtilbehor/industristovsuger,Brand%3amakita
byggtilbehor/industristovsuger,Brand%3abosch
byggtilbehor/industristovsuger,Brand%3aflex
byggtilbehor/industristovsuger,Brand%3anilfisk
byggtilbehor/industristovsuger,Brand%3afein
byggtilbehor/industristovsuger,Brand%3adewalt
byggtilbehor/industristovsuger,Brand%3ahitachi
byggtilbehor/industristovsuger,Brand%3amilwaukee
byggtilbehor/industristovsuger,price%3aunder-1000
byggtilbehor/industristovsuger,price%3a1000-5000
byggtilbehor/industristovsuger,price%3aover-5000
byggtilbehor/industristovsuger/stovsugerposer,Brand%3abosch
byggtilbehor/industristovsuger/stovsugerposer,Brand%3amakita
byggtilbehor/industristovsuger/stovsugerposer,Brand%3apullman+ermator
byggtilbehor/industristovsuger/stovsugerposer,Brand%3aflex
byggtilbehor/industristovsuger/stovsugerposer,Brand%3ahitachi
byggtilbehor/industristovsuger/stovsugerposer,Brand%3adewalt
byggtilbehor/industristovsuger/stovsugerposer,Brand%3afein
byggtilbehor/industristovsuger/stovsugerposer,Brand%3amilwaukee
byggtilbehor/industristovsuger/stovsugerposer,price%3aunder-1000
verktoy/nettdrevne-verktoy/diamantverktoy,Brand%3abosch
maleinstrumenter/avveingsinstrument/digital-malere,Brand%3aleica
maleinstrumenter/avveingsinstrument/digital-malere,price%3aunder-1000
maleinstrumenter/avveingsinstrument/digital-malere,price%3aover-5000
kommunikasjon/komradio/digitalradio,Brand%3ahytera
maleinstrumenter/tykkelsesmaler/vedhefttester,Brand%3adefelsko
maleinstrumenter/tykkelsesmaler/vedhefttester,price%3a1000-5000
byggtilbehor/kontorsmaskin/etikettskriver,Brand%3adymo
expired,Brand%3abosch
expired,Brand%3amakita
expired,Brand%3ahitachi
expired,Brand%3ahandheld
expired,Brand%3aleica
expired,Brand%3akimo
expired,Brand%3amilwaukee
expired,Brand%3azodiac
expired,Brand%3adewalt
expired,Brand%3aflir
expired,price%3aunder-1000
expired,price%3a1000-5000
expired,price%3aover-5000
verneutstyr/fallsikringsutstyr,Brand%3abahco
verneutstyr/fallsikringsutstyr,Brand%3apetzl
maleinstrumenter/sokeverktoy/fiberskop,Brand%3akimo
byggtilbehor/belysning/lommelykt,Brand%3aled+lenser
byggtilbehor/belysning/lommelykt,Brand%3acoast
byggtilbehor/belysning/lommelykt,Brand%3acat
byggtilbehor/belysning/lommelykt,price%3aunder-1000
byggtilbehor/belysning/lommelykt,price%3a1000-5000
verneutstyr/fluktvern,Brand:dr%C3%A4ger
verneutstyr/fluktvern/vernemaske,Brand:dr%C3%A4ger
verktoy/batteridrevne-verktoy/fugepistol,Brand%3amilwaukee
verktoy/forbruksmateriale,Brand%3abosch
verktoy/forbruksmateriale,Brand%3amakita
verktoy/forbruksmateriale,Brand%3aflex
verktoy/forbruksmateriale,Brand%3adewalt
verktoy/forbruksmateriale,Brand%3adremel
verktoy/forbruksmateriale,Brand%3afein
verktoy/forbruksmateriale,Brand%3abahco
verktoy/forbruksmateriale,Brand%3ahitachi
verktoy/forbruksmateriale,Brand%3amilwaukee
verktoy/forbruksmateriale,Brand%3alenox
verktoy/forbruksmateriale,price%3aunder-1000
verktoy/forbruksmateriale,price%3a1000-5000
for-rent,Brand%3aleica
for-rent,Brand%3aflir
verneutstyr/forsta-hjalpen,Brand%3acederroth
verneutstyr/forsta-hjalpen,Brand%3asalvequick
verneutstyr/forsta-hjalpen/forsta-hjalpen-kit,Brand%3acederroth
maleinstrumenter/varmekamera/oppbevaringskoffert,Brand%3aflir
maleinstrumenter/varmekamera/oppbevaringskoffert,price%3aunder-1000
maleinstrumenter/fuktmaler/fuktmaler-i-betong,Brand%3atramex
maleinstrumenter/fuktmaler/fuktmaler-i-betong,Brand%3aprotimeter
maleinstrumenter/fuktmaler/fuktmaler-i-betong,Brand%3atesto
maleinstrumenter/fuktmaler/fuktmaler-i-betong,price%3a1000-5000
maleinstrumenter/fuktmaler/fuktmaler-i-betong,price%3aover-5000
byggtilbehor/stige/gardintrapp,Brand%3azarges
byggtilbehor/svets/gasbrannare,Brand%3arimac
maleinstrumenter/miljoinstrument/gasmaler,Brand:dr%C3%A4ger
maleinstrumenter/miljoinstrument/gasmaler,price%3a1000-5000
maleinstrumenter/miljoinstrument/gasmaler,price%3aover-5000
verktoy/trykkluftsdrevne-verktoy/gasspistol,Brand%3apaslode
verktoy/trykkluftsdrevne-verktoy/gasspistol,Brand%3amakita
verktoy/trykkluftsdrevne-verktoy/gasspistol,Brand%3amax
verktoy/trykkluftsdrevne-verktoy/gasspistol,Brand%3asenco
verktoy/trykkluftsdrevne-verktoy/gasspistol,price%3aover-5000
maleinstrumenter/glansmaler,Brand%3arhopoint
verktoy/bensindrevne-verktoy/gressklippere,Brand%3amakita
verktoy/bensindrevne-verktoy/hekksaks,Brand%3amakita
verktoy/handverktoy/hafthammare,Brand%3arapid
verktoy/handverktoy/haftpistol,Brand%3arapid
verktoy/forbruksmateriale/hullsag,Brand%3abahco
verktoy/forbruksmateriale/hullsag,Brand%3abosch
verktoy/forbruksmateriale/hullsag,Brand%3amakita
verktoy/forbruksmateriale/hullsag,Brand%3amilwaukee
verktoy/forbruksmateriale/hullsag,price%3aunder-1000
verktoy/forbruksmateriale/hullsag,price%3a1000-5000
verktoy/handverktoy/hammare,Brand%3abahco
verktoy/handverktoy/hammare,Brand%3astanley
verktoy/handverktoy,Brand%3arothenberger
verktoy/handverktoy,Brand%3abahco
verktoy/handverktoy,Brand%3aknipex
verktoy/handverktoy,Brand%3arapid
verktoy/handverktoy,Brand%3awera
verktoy/handverktoy,Brand%3astanley
verktoy/handverktoy,Brand%3abosch
verktoy/handverktoy,Brand%3aridgid
verktoy/handverktoy,Brand%3ahitachi
verktoy/handverktoy,price%3aunder-1000
verktoy/handverktoy,price%3a1000-5000
verktoy/handverktoy,price%3aover-5000
verktoy/tilbehor/koffert,Brand%3abosch
verktoy/tilbehor/koffert,Brand%3adewalt
verktoy/tilbehor/koffert,Brand%3ahitachi
verktoy/tilbehor/koffert,Brand%3amakita
verktoy/tilbehor/koffert,Brand%3amilwaukee
verktoy/tilbehor/koffert,price%3aunder-1000
byggtilbehor/belysning/hodelykt,Brand%3acoast
byggtilbehor/belysning/hodelykt,Brand%3aled+lenser
byggtilbehor/belysning/hodelykt,Brand%3apetzl
byggtilbehor/belysning/hodelykt,Brand%3acat
byggtilbehor/belysning/hodelykt,Brand%3amakita
byggtilbehor/belysning/hodelykt,price%3aunder-1000
byggtilbehor/belysning/hodelykt,price%3a1000-5000
byggtilbehor/byggsentral/hovedsentral,Brand:el-bj%C3%B6rn
byggtilbehor/byggsentral/hovedsentral,price%3aover-5000
verktoy/handverktoy/skrallenokkel,Brand%3abahco
verktoy/handverktoy/skrallenokkel,Brand%3abosch
verktoy/handverktoy/skrallenokkel,Brand%3ahitachi
verktoy/handverktoy/skrallenokkel,price%3aunder-1000
verktoy/handverktoy/skrallenokkel,price%3a1000-5000
verktoy/tilbehor/innlegg-til-koffert,Brand%3amakita
verktoy/tilbehor/innlegg-til-koffert,Brand%3abosch
verktoy/tilbehor/innlegg-til-koffert,Brand%3adewalt
maleinstrumenter/temperaturmaler/ir-termometer,Brand%3aflir
maleinstrumenter/temperaturmaler/ir-termometer,Brand%3akimo
maleinstrumenter/temperaturmaler/ir-termometer,Brand%3aextech
maleinstrumenter/temperaturmaler/ir-termometer,Brand%3ageo+fennel
maleinstrumenter/temperaturmaler/ir-termometer,Brand%3abosch
maleinstrumenter/temperaturmaler/ir-termometer,price%3aunder-1000
maleinstrumenter/temperaturmaler/ir-termometer,price%3a1000-5000
maleinstrumenter/temperaturmaler/ir-termometer,price%3aover-5000
kommunikasjon/komradio/jaktradio,Brand%3azodiac
maleinstrumenter/sokeverktoy/kabelsoker,Brand%3aleica
maleinstrumenter/sokeverktoy/kabelsoker,price%3aunder-1000
maleinstrumenter/sokeverktoy/kabelsoker,price%3a1000-5000
maleinstrumenter/sokeverktoy/kabelsoker,price%3aover-5000
verktoy/bensindrevne-verktoy/kappmaskin,Brand%3amakita
verktoy/bensindrevne-verktoy/kappmaskin,price%3aover-5000
verktoy/stasjonare-verktoy/kapp--og-gjaringssag,Brand%3amakita
verktoy/stasjonare-verktoy/kapp--og-gjaringssag,Brand%3abosch
verktoy/stasjonare-verktoy/kapp--og-gjaringssag,Brand%3ahitachi
verktoy/stasjonare-verktoy/kapp--og-gjaringssag,Brand%3adewalt
verktoy/stasjonare-verktoy/kapp--og-gjaringssag,Brand%3amilwaukee
verktoy/stasjonare-verktoy/kapp--og-gjaringssag,price%3a1000-5000
verktoy/stasjonare-verktoy/kapp--og-gjaringssag,price%3aover-5000
verktoy/forbruksmateriale/kappeskive,Brand%3amakita
verktoy/forbruksmateriale/kappeskive,Brand%3abosch
maleinstrumenter/miljoinstrument/karbondioksidmaler,Brand%3akimo
maleinstrumenter/miljoinstrument/karbonmonoksidmaler,Brand%3akimo
verktoy/forbruksmateriale/klammerdykertspiker,Brand%3abosch
verktoy/forbruksmateriale/klammerdykertspiker,Brand%3amakita
verktoy/forbruksmateriale/klammerdykertspiker,Brand%3adewalt
verktoy/forbruksmateriale/klammerdykertspiker,Brand%3arapid
verktoy/stasjonare-verktoy/kombinasjonsag,Brand%3amakita
verktoy/stasjonare-verktoy/kombinasjonsag,Brand%3abosch
verktoy/stasjonare-verktoy/kombinasjonsag,Brand%3adewalt
verktoy/stasjonare-verktoy/kombinasjonsag,price%3aover-5000
kommunikasjon,Brand%3azodiac
kommunikasjon,Brand%3ahandheld
kommunikasjon,Brand%3ahytera
kommunikasjon,Brand%3amotorola
kommunikasjon,Brand%3akirisun
kommunikasjon,price%3aover-5000
verktoy/trykkluftsdrevne-verktoy/kompressor,Brand%3amakita
verktoy/trykkluftsdrevne-verktoy/kompressor,Brand%3apaslode
verktoy/trykkluftsdrevne-verktoy/kompressor,Brand%3aaerfast
verktoy/trykkluftsdrevne-verktoy/kompressor,Brand%3amax
verktoy/trykkluftsdrevne-verktoy/kompressor,Brand%3adewalt
verktoy/trykkluftsdrevne-verktoy/kompressor,Brand%3amft
verktoy/trykkluftsdrevne-verktoy/kompressor,Brand%3asenco
verktoy/trykkluftsdrevne-verktoy/kompressor,price%3a1000-5000
byggtilbehor/kontorsmaskin,Brand%3adymo
byggtilbehor/kontorsmaskin,price%3a1000-5000
maleinstrumenter/kulormaler,Brand%3ax-rite
maleinstrumenter/varmekamera/kurser-i-termografi,Brand%3aflir
maleinstrumenter/varmekamera/kurser-i-termografi,price%3a1000-5000
maleinstrumenter/varmekamera/kurser-i-termografi,price%3aover-5000
byggtilbehor/batteri/oppladbare-batterier,Brand%3agp+powerbank
laserinstrumenter,Brand%3aleica
laserinstrumenter,Brand%3abosch
laserinstrumenter,Brand%3atopcon
laserinstrumenter,Brand%3acst%2fberger
laserinstrumenter,Brand%3adewalt
laserinstrumenter,Brand%3anedo
laserinstrumenter,Brand%3abushnell
laserinstrumenter,Brand%3ageo+fennel
laserinstrumenter,Brand%3ahyssna
laserinstrumenter,Brand%3afutech
laserinstrumenter,price%3aunder-1000
laserinstrumenter,price%3a1000-5000
laserinstrumenter,price%3aover-5000
laserinstrumenter/avstandsmaler/laserkikkert-golfkikkert,Brand%3abushnell
laserinstrumenter/avstandsmaler/laserkikkert-golfkikkert,Brand%3aleica
laserinstrumenter/avstandsmaler/laserkikkert-golfkikkert,price%3a1000-5000
laserinstrumenter/avstandsmaler/laserkikkert-golfkikkert,price%3aover-5000
laserinstrumenter/bygg--og-rotasjonslaser/lasermottakere,Brand%3aleica
laserinstrumenter/bygg--og-rotasjonslaser/lasermottakere,Brand%3atopcon
laserinstrumenter/bygg--og-rotasjonslaser/lasermottakere,Brand%3abosch
laserinstrumenter/bygg--og-rotasjonslaser/lasermottakere,Brand%3acst%2fberger
laserinstrumenter/bygg--og-rotasjonslaser/lasermottakere,price%3a1000-5000
verktoy/nettdrevne-verktoy/limpistol,Brand%3arapid
verktoy/nettdrevne-verktoy/limpistol,Brand%3abosch
laserinstrumenter/punkt--og-linjelaser/linjelaserkorslaser,Brand%3abosch
laserinstrumenter/punkt--og-linjelaser/linjelaserkorslaser,Brand%3adewalt
laserinstrumenter/punkt--og-linjelaser/linjelaserkorslaser,Brand%3aleica
laserinstrumenter/punkt--og-linjelaser/linjelaserkorslaser,Brand%3afutech
laserinstrumenter/punkt--og-linjelaser/linjelaserkorslaser,Brand%3anedo
laserinstrumenter/punkt--og-linjelaser/linjelaserkorslaser,Brand%3atopcon
laserinstrumenter/punkt--og-linjelaser/linjelaserkorslaser,Brand%3acst%2fberger
laserinstrumenter/punkt--og-linjelaser/linjelaserkorslaser,Brand%3ageo+fennel
laserinstrumenter/punkt--og-linjelaser/linjelaserkorslaser,Brand%3aprexiso
laserinstrumenter/punkt--og-linjelaser/linjelaserkorslaser,Brand%3astanley
laserinstrumenter/punkt--og-linjelaser/linjelaserkorslaser,price%3a1000-5000
laserinstrumenter/punkt--og-linjelaser/linjelaserkorslaser,price%3aover-5000
maleinstrumenter/varmekamera/linserobjektiv,Brand%3aflir
maleinstrumenter/varmekamera/linserobjektiv,price%3aunder-1000
maleinstrumenter/varmekamera/linserobjektiv,price%3a1000-5000
maleinstrumenter/varmekamera/linserobjektiv,price%3aover-5000
maleinstrumenter/miljoinstrument/lydmaler,Brand%3akimo
maleinstrumenter/miljoinstrument/lydmaler,Brand%3a3m+peltor
maleinstrumenter/miljoinstrument/lydmaler,Brand%3ageo+fennel
maleinstrumenter/miljoinstrument/lydmaler,Brand%3ahioki
maleinstrumenter/miljoinstrument/lydmaler,price%3a1000-5000
maleinstrumenter/miljoinstrument/lydmaler,price%3aover-5000
maleinstrumenter/miljoinstrument/lysmaler,Brand%3akimo
verktoy/bensindrevne-verktoy/lovblasere,Brand%3amakita
verktoy/bensindrevne-verktoy/lovblasere,price%3a1000-5000
verktoy/bensindrevne-verktoy/lovblasere,price%3aover-5000
maleinstrumenter/ventilasjonsmaler/luftstrommaler,Brand%3akimo
maleinstrumenter/fuktmaler/luftfuktighetslogger,Brand%3akimo
maleinstrumenter/fuktmaler/luftfuktighetsmaler,Brand%3adefelsko
maleinstrumenter/fuktmaler/luftfuktighetsmaler,Brand%3ageo+fennel
maleinstrumenter/fuktmaler/luftfuktighetsmaler,Brand%3akimo
maleinstrumenter/fuktmaler/luftfuktighetsmaler,Brand%3agann
maleinstrumenter/fuktmaler/luftfuktighetsmaler,price%3aunder-1000
maleinstrumenter/fuktmaler/luftfuktighetsmaler,price%3a1000-5000
maleinstrumenter/ventilasjonsmaler/lufthastighetsmaler,Brand%3akimo
byggtilbehor/luftrenser/luktrenare,Brand%3aairmaster
maleinstrumenter/miljoinstrument/magnetsfeltsmerker,Brand%3ahioki
maleinstrumenter/miljoinstrument/magnetsfeltsmerker,Brand%3aesmogtec
maleinstrumenter/miljoinstrument/magnetsfeltsmerker,price%3a1000-5000
maleinstrumenter/avstandsmaler/maleband,Brand%3ahultafors
maleinstrumenter/avstandsmaler/malehjul,Brand%3anedo
maleinstrumenter/avstandsmaler/malehjul,Brand%3ageo+fennel
maleinstrumenter/avstandsmaler/malehjul,Brand%3acst%2fberger
maleinstrumenter/avstandsmaler/malehjul,price%3a1000-5000
maleinstrumenter,Brand%3aflir
maleinstrumenter,Brand%3akimo
maleinstrumenter,Brand:dr%C3%A4ger
maleinstrumenter,Brand%3aprotimeter
maleinstrumenter,Brand%3atramex
maleinstrumenter,Brand%3adefelsko
maleinstrumenter,Brand%3aleica
maleinstrumenter,Brand%3ahioki
maleinstrumenter,Brand%3aextech
maleinstrumenter,Brand%3abosch
maleinstrumenter,price%3aunder-1000
maleinstrumenter,price%3a1000-5000
maleinstrumenter,price%3aover-5000
maleinstrumenter/avstandsmaler/malestang,Brand%3anedo
kommunikasjon/komradio/marinradio,Brand%3azodiac
byggtilbehor/kontorsmaskin/merkemaskin,Brand%3adymo
byggtilbehor/kontorsmaskin/merkemaskin,price%3a1000-5000
laserinstrumenter/bygg--og-rotasjonslaser/maskinmottakere,Brand%3aleica
laserinstrumenter/bygg--og-rotasjonslaser/maskinmottakere,Brand%3aagatec
laserinstrumenter/bygg--og-rotasjonslaser/maskinmottakere,Brand%3ageo+fennel
laserinstrumenter/bygg--og-rotasjonslaser/maskinmottakere,Brand%3atopcon
laserinstrumenter/bygg--og-rotasjonslaser/maskinmottakere,price%3aover-5000
maleinstrumenter/temperaturmaler/mat-termometer,Brand%3acomark
verktoy/handverktoy/meisel,Brand%3awera
verktoy/handverktoy/meisel,Brand%3abahco
verktoy/handverktoy/meisel,price%3aunder-1000
verktoy/stasjonare-verktoy/metallkappsag,Brand%3abosch
verktoy/stasjonare-verktoy/metallkappsag,Brand%3amakita
verktoy/stasjonare-verktoy/metallkappsag,Brand%3ahitachi
verktoy/stasjonare-verktoy/metallkappsag,Brand%3amilwaukee
verktoy/stasjonare-verktoy/metallkappsag,price%3aover-5000
maleinstrumenter/sokeverktoy/metallsokere,Brand%3aminelab
maleinstrumenter/sokeverktoy/metallsokere,Brand%3acst%2fberger
maleinstrumenter/sokeverktoy/metallsokere,Brand%3ageo+fennel
maleinstrumenter/sokeverktoy/metallsokere,price%3aover-5000
maleinstrumenter/miljoinstrument,Brand:dr%C3%A4ger
maleinstrumenter/miljoinstrument,Brand%3akimo
maleinstrumenter/miljoinstrument,Brand%3acorentium
maleinstrumenter/miljoinstrument,Brand%3ahioki
maleinstrumenter/miljoinstrument,Brand%3a3m+peltor
maleinstrumenter/miljoinstrument,Brand%3asarad
maleinstrumenter/miljoinstrument,Brand%3aesmogtec
maleinstrumenter/miljoinstrument,Brand%3ageo+fennel
maleinstrumenter/miljoinstrument,Brand%3aradonelektronik
maleinstrumenter/miljoinstrument,price%3a1000-5000
maleinstrumenter/miljoinstrument,price%3aover-5000
verktoy/tilbehor/oppbevaringsveske,Brand%3amakita
verktoy/tilbehor/oppbevaringsveske,Brand%3abahco
verktoy/tilbehor/oppbevaringsveske,Brand%3amilwaukee
verktoy/tilbehor/oppbevaringsveske,Brand%3adewalt
verktoy/tilbehor/oppbevaringsveske,Brand%3abosch
verktoy/tilbehor/oppbevaringsveske,Brand%3aflex
verktoy/tilbehor/oppbevaringsveske,Brand%3ahitachi
verktoy/tilbehor/oppbevaringsveske,price%3aunder-1000
verktoy/handverktoy/momentnokkel,Brand%3abahco
verktoy/bensindrevne-verktoy/motorsag,Brand%3amakita
verktoy/bensindrevne-verktoy/motorsag,price%3a1000-5000
maleinstrumenter/sokeverktoy/multidetektorer,Brand%3abosch
maleinstrumenter/sokeverktoy/multidetektorer,Brand%3azircon
maleinstrumenter/sokeverktoy/multidetektorer,Brand%3avesala
maleinstrumenter/sokeverktoy/multidetektorer,price%3aunder-1000
maleinstrumenter/sokeverktoy/multidetektorer,price%3a1000-5000
maleinstrumenter/sokeverktoy/multidetektorer,price%3aover-5000
byggtilbehor/industristovsuger/nettdrevne-stovsugeere,Brand%3apullman+ermator
byggtilbehor/industristovsuger/nettdrevne-stovsugeere,Brand%3amakita
byggtilbehor/industristovsuger/nettdrevne-stovsugeere,Brand%3abosch
byggtilbehor/industristovsuger/nettdrevne-stovsugeere,Brand%3anilfisk
byggtilbehor/industristovsuger/nettdrevne-stovsugeere,Brand%3aflex
byggtilbehor/industristovsuger/nettdrevne-stovsugeere,Brand%3amilwaukee
byggtilbehor/industristovsuger/nettdrevne-stovsugeere,Brand%3adewalt
byggtilbehor/industristovsuger/nettdrevne-stovsugeere,Brand%3ahitachi
byggtilbehor/industristovsuger/nettdrevne-stovsugeere,price%3a1000-5000
byggtilbehor/industristovsuger/nettdrevne-stovsugeere,price%3aover-5000
verktoy/nettdrevne-verktoy,Brand%3abosch
verktoy/nettdrevne-verktoy,Brand%3amakita
verktoy/nettdrevne-verktoy,Brand%3aflex
verktoy/nettdrevne-verktoy,Brand%3ahitachi
verktoy/nettdrevne-verktoy,Brand%3amilwaukee
verktoy/nettdrevne-verktoy,Brand%3adewalt
verktoy/nettdrevne-verktoy,Brand%3afein
verktoy/nettdrevne-verktoy,Brand%3arapid
verktoy/nettdrevne-verktoy,Brand:dr%C3%A4co
verktoy/nettdrevne-verktoy,Brand%3aeuroboor
verktoy/nettdrevne-verktoy,price%3aunder-1000
verktoy/nettdrevne-verktoy,price%3a1000-5000
verktoy/nettdrevne-verktoy,price%3aover-5000
verneutstyr/forsta-hjalpen/ogondusch,Brand%3acederroth
verktoy/nettdrevne-verktoy/sementmikser,Brand%3aflex
verktoy/nettdrevne-verktoy/sementmikser,Brand%3abosch
verktoy/nettdrevne-verktoy/sementmikser,Brand%3amakita
maleinstrumenter/avveingsinstrument/optisk-malere,Brand%3aleica
maleinstrumenter/avveingsinstrument/optisk-malere,Brand%3abosch
maleinstrumenter/avveingsinstrument/optisk-malere,Brand%3anedo
maleinstrumenter/avveingsinstrument/optisk-malere,price%3aunder-1000
maleinstrumenter/avveingsinstrument/optisk-malere,price%3a1000-5000
verktoy/tilbehor/parallellforskyver,Brand%3abosch
verktoy/tilbehor/parallellforskyver,Brand%3amakita
verktoy/tilbehor/parallellforskyver,Brand%3aflex
verneutstyr/forsta-hjalpen/plaster,Brand%3asalvequick
maleinstrumenter/varmekamera/programvare,Brand%3aflir
maleinstrumenter/varmekamera/programvare,price%3a1000-5000
laserinstrumenter/punkt--og-linjelaser/punktlaser,Brand%3abosch
laserinstrumenter/punkt--og-linjelaser/punktlaser,Brand%3adewalt
laserinstrumenter/punkt--og-linjelaser/punktlaser,Brand%3ageo+fennel
laserinstrumenter/punkt--og-linjelaser/punktlaser,Brand%3aleica
laserinstrumenter/punkt--og-linjelaser/punktlaser,price%3a1000-5000
laserinstrumenter/punkt--og-linjelaser,Brand%3abosch
laserinstrumenter/punkt--og-linjelaser,Brand%3aleica
laserinstrumenter/punkt--og-linjelaser,Brand%3adewalt
laserinstrumenter/punkt--og-linjelaser,Brand%3atopcon
laserinstrumenter/punkt--og-linjelaser,Brand%3acst%2fberger
laserinstrumenter/punkt--og-linjelaser,Brand%3afutech
laserinstrumenter/punkt--og-linjelaser,Brand%3ageo+fennel
laserinstrumenter/punkt--og-linjelaser,Brand%3anedo
laserinstrumenter/punkt--og-linjelaser,Brand%3astanley
laserinstrumenter/punkt--og-linjelaser,Brand%3aada
laserinstrumenter/punkt--og-linjelaser,price%3aunder-1000
laserinstrumenter/punkt--og-linjelaser,price%3a1000-5000
laserinstrumenter/punkt--og-linjelaser,price%3aover-5000
maleinstrumenter/miljoinstrument/radonmaler,Brand%3acorentium
maleinstrumenter/miljoinstrument/radonmaler,Brand%3asarad
maleinstrumenter/miljoinstrument/radonmaler,Brand%3aradonelektronik
maleinstrumenter/miljoinstrument/radonmaler,price%3a1000-5000
maleinstrumenter/miljoinstrument/radonmaler,price%3aover-5000
verneutstyr/forsta-hjalpen/refill,Brand%3acederroth
verneutstyr/forsta-hjalpen/refill,Brand%3asalvequick
kommunikasjon/komradio/repeater,Brand%3ahytera
verktoy/bensindrevne-verktoy/rorsag,Brand%3amakita
verktoy/bensindrevne-verktoy/rorsag,price%3a1000-5000
verktoy/bensindrevne-verktoy/rorsag,price%3aover-5000
verktoy/handverktoy/rorboyer,Brand%3arothenberger
verktoy/handverktoy/rorholder,Brand%3arothenberger
verktoy/handverktoy/rorkapper,Brand%3arothenberger
verktoy/handverktoy/rorkapper,Brand%3aknipex
laserinstrumenter/punkt--og-linjelaser/rorlaser,Brand%3aleica
laserinstrumenter/punkt--og-linjelaser/rorlaser,Brand%3atopcon
laserinstrumenter/punkt--og-linjelaser/rorlaser,Brand%3acst%2fberger
laserinstrumenter/punkt--og-linjelaser/rorlaser,price%3a1000-5000
laserinstrumenter/punkt--og-linjelaser/rorlaser,price%3aover-5000
verktoy/handverktoy/sag,Brand%3arothenberger
verktoy/forbruksmateriale/sagblad,Brand%3abosch
verktoy/forbruksmateriale/sagblad,Brand%3aflex
verktoy/forbruksmateriale/sagblad,Brand%3amakita
verktoy/forbruksmateriale/sagblad,Brand%3amilwaukee
verktoy/forbruksmateriale/sagblad,Brand%3alenox
verktoy/forbruksmateriale/sagblad,Brand%3ahitachi
verktoy/forbruksmateriale/sagblad,Brand%3adewalt
verktoy/forbruksmateriale/sagblader,Brand%3abosch
verktoy/forbruksmateriale/sagblader,Brand%3amakita
verktoy/forbruksmateriale/sagblader,Brand%3adewalt
verktoy/forbruksmateriale/sagblader,Brand%3aflex
verktoy/forbruksmateriale/sagblader,Brand%3ahitachi
verktoy/forbruksmateriale/sagblader,Brand%3amilwaukee
verktoy/forbruksmateriale/sagblader,price%3a1000-5000
maleinstrumenter/tykkelsesmaler/sjikttykkelsesmaler,Brand%3adefelsko
maleinstrumenter/tykkelsesmaler/sjikttykkelsesmaler,price%3aunder-1000
maleinstrumenter/tykkelsesmaler/sjikttykkelsesmaler,price%3a1000-5000
maleinstrumenter/tykkelsesmaler/sjikttykkelsesmaler,price%3aover-5000
maleinstrumenter/avstandsmaler/skyvelar,Brand%3ac.e.+johansson
verktoy/forbruksmateriale/skruer,Brand%3amakita
byggtilbehor/industristovsuger/skurmaskin,Brand%3anilfisk
verneutstyr,Brand%3a3m+peltor
verneutstyr,Brand%3acederroth
verneutstyr,Brand%3a3m+speedglas
verneutstyr,Brand:dr%C3%A4ger
verneutstyr,Brand%3asalvequick
verneutstyr,Brand%3abahco
verneutstyr,Brand%3apetzl
verneutstyr,Brand%3atiki
verneutstyr,Brand%3arimac
verneutstyr,price%3aunder-1000
verneutstyr,price%3a1000-5000
verneutstyr,price%3aover-5000
verneutstyr/vernebriller,Brand%3a3m+peltor
verneutstyr/vernebriller,price%3aunder-1000
verktoy/nettdrevne-verktoy/slaghammere,Brand%3abosch
verktoy/nettdrevne-verktoy/slipemaskiner,Brand%3aflex
verktoy/nettdrevne-verktoy/slipemaskiner,Brand%3amakita
verktoy/nettdrevne-verktoy/slipemaskiner,Brand%3abosch
verktoy/nettdrevne-verktoy/slipemaskiner,Brand%3ahitachi
verktoy/nettdrevne-verktoy/slipemaskiner,Brand%3adewalt
verktoy/nettdrevne-verktoy/slipemaskiner,Brand%3amilwaukee
verktoy/nettdrevne-verktoy/slipemaskiner,price%3a1000-5000
verktoy/nettdrevne-verktoy/slipemaskiner,price%3aover-5000
maleinstrumenter/sokeverktoy,Brand%3aflir
maleinstrumenter/sokeverktoy,Brand%3akimo
maleinstrumenter/sokeverktoy,Brand%3aleica
maleinstrumenter/sokeverktoy,Brand%3arothenberger
maleinstrumenter/sokeverktoy,Brand%3abosch
maleinstrumenter/sokeverktoy,Brand%3aminelab
maleinstrumenter/sokeverktoy,Brand%3azircon
maleinstrumenter/sokeverktoy,Brand%3acst%2fberger
maleinstrumenter/sokeverktoy,Brand%3ageo+fennel
maleinstrumenter/sokeverktoy,Brand%3avesala
maleinstrumenter/sokeverktoy,price%3aunder-1000
maleinstrumenter/sokeverktoy,price%3a1000-5000
maleinstrumenter/sokeverktoy,price%3aover-5000
byggtilbehor/industristovsuger/sopmaskin,Brand%3anilfisk
byggtilbehor/starthjelp,Brand%3abahco
byggtilbehor/starthjelp,price%3a1000-5000
byggtilbehor/starthjelp,price%3aover-5000
verktoy/stasjonare-verktoy,Brand%3amakita
verktoy/stasjonare-verktoy,Brand%3abosch
verktoy/stasjonare-verktoy,Brand%3adewalt
verktoy/stasjonare-verktoy,Brand%3ahitachi
verktoy/stasjonare-verktoy,Brand%3amilwaukee
verktoy/stasjonare-verktoy,Brand%3aaeg
verktoy/stasjonare-verktoy,Brand%3aaerfast
verktoy/stasjonare-verktoy,Brand%3aflex
verktoy/stasjonare-verktoy,price%3aunder-1000
verktoy/stasjonare-verktoy,price%3a1000-5000
verktoy/stasjonare-verktoy,price%3aover-5000
verneutstyr/forsta-hjalpen/station,Brand%3acederroth
laserinstrumenter/bygg--og-rotasjonslaser/stativ-og-stenger,Brand%3ahyssna
laserinstrumenter/bygg--og-rotasjonslaser/stativ-og-stenger,Brand%3anedo
laserinstrumenter/bygg--og-rotasjonslaser/stativ-og-stenger,Brand%3abosch
laserinstrumenter/bygg--og-rotasjonslaser/stativ-og-stenger,Brand%3acst%2fberger
laserinstrumenter/bygg--og-rotasjonslaser/stativ-og-stenger,price%3aunder-1000
laserinstrumenter/bygg--og-rotasjonslaser/stativ-og-stenger,price%3a1000-5000
byggtilbehor/stige,Brand%3alaggo
byggtilbehor/stige,Brand%3awerner
byggtilbehor/stige,Brand%3afaraone
byggtilbehor/stige,Brand%3azarges
byggtilbehor/stige,price%3aunder-1000
verktoy/batteridrevne-verktoy/stift--og-spikerpistol,Brand%3amilwaukee
verktoy/batteridrevne-verktoy/stift--og-spikerpistol,Brand%3asenco
verktoy/batteridrevne-verktoy/stift--og-spikerpistol,Brand%3adewalt
verktoy/batteridrevne-verktoy/stift--og-spikerpistol,Brand%3arapid
verktoy/batteridrevne-verktoy/stift--og-spikerpistol,price%3aover-5000
byggtilbehor/tyverisikringsmerking,Brand%3asmartwater
verktoy/tilbehor/styreskinne,Brand%3abosch
verktoy/tilbehor/styreskinne,Brand%3amakita
verktoy/tilbehor/styreskinne,Brand%3ahitachi
verktoy/tilbehor/styreskinne,Brand%3adewalt
verktoy/tilbehor/styreskinne,Brand%3aflex
verktoy/tilbehor/styreskinne,price%3aunder-1000
verneutstyr/vernehjelm/sveisemaske,Brand%3a3m+speedglas
verneutstyr/vernehjelm/sveisemaske,Brand%3arimac
verneutstyr/vernehjelm/sveisemaske,price%3a1000-5000
byggtilbehor/svets,Brand%3arimac
byggtilbehor/svets,Brand%3aweco
byggtilbehor/svets/svetselektrod,Brand%3arimac
byggtilbehor/svets/svetsmaskin,Brand%3aweco
verktoy/handverktoy/tang,Brand%3aknipex
verktoy/handverktoy/tang,Brand%3arapid
verktoy/handverktoy/tang,Brand%3aridgid
verktoy/handverktoy/tang,price%3aunder-1000
maleinstrumenter/avveingsinstrument/tedolit-och-3d-disto,Brand%3acst%2fberger
maleinstrumenter/avveingsinstrument/tedolit-och-3d-disto,Brand%3aleica
maleinstrumenter/avveingsinstrument/tedolit-och-3d-disto,price%3aover-5000
byggtilbehor/stige/teleskopstige,Brand%3afaraone
byggtilbehor/stige/teleskopstige,price%3aunder-1000
maleinstrumenter/temperaturmaler/temperaturgivere,Brand%3akimo
maleinstrumenter/temperaturmaler/temperaturgivere,Brand%3agreisinger
maleinstrumenter/temperaturmaler/temperaturlogger,Brand%3akimo
maleinstrumenter/temperaturmaler/temperaturlogger,Brand%3aextech
maleinstrumenter/temperaturmaler,Brand%3akimo
maleinstrumenter/temperaturmaler,Brand%3aextech
maleinstrumenter/temperaturmaler,Brand%3aflir
maleinstrumenter/temperaturmaler,Brand%3ageo+fennel
maleinstrumenter/temperaturmaler,Brand%3abosch
maleinstrumenter/temperaturmaler,Brand%3acomark
maleinstrumenter/temperaturmaler,Brand%3agreisinger
maleinstrumenter/temperaturmaler,price%3aunder-1000
maleinstrumenter/temperaturmaler,price%3a1000-5000
maleinstrumenter/temperaturmaler,price%3aover-5000
maleinstrumenter/temperaturmaler/termometer,Brand%3akimo
verktoy/forbruksmateriale/tilbehor-till-dremel,Brand%3adremel
verktoy/forbruksmateriale/tilbehor-till-multiverktoy,Brand%3abosch
verktoy/forbruksmateriale/tilbehor-till-multiverktoy,Brand%3amakita
verktoy/forbruksmateriale/tilbehor-till-multiverktoy,Brand%3afein
verktoy/forbruksmateriale/tilbehor-till-multiverktoy,Brand%3adewalt
verktoy/forbruksmateriale/tilbehor-till-multiverktoy,price%3a1000-5000
kommunikasjon/komradio/transportradio,Brand%3ahytera
kommunikasjon/komradio/transportradio,Brand%3azodiac
verktoy/trykkluftsdrevne-verktoy,Brand%3amakita
verktoy/trykkluftsdrevne-verktoy,Brand%3apaslode
verktoy/trykkluftsdrevne-verktoy,Brand%3amax
verktoy/trykkluftsdrevne-verktoy,Brand%3aaerfast
verktoy/trykkluftsdrevne-verktoy,Brand%3asenco
verktoy/trykkluftsdrevne-verktoy,Brand%3adewalt
verktoy/trykkluftsdrevne-verktoy,Brand%3amft
verktoy/trykkluftsdrevne-verktoy,Brand%3aduo-fast
verktoy/trykkluftsdrevne-verktoy,Brand%3abasso
verktoy/trykkluftsdrevne-verktoy,Brand%3abosch
verktoy/trykkluftsdrevne-verktoy,price%3a1000-5000
verktoy/trykkluftsdrevne-verktoy,price%3aover-5000
verktoy/trykkluftsdrevne-verktoy/trykkluftspistol,Brand%3amakita
verktoy/trykkluftsdrevne-verktoy/trykkluftspistol,Brand%3asenco
verktoy/trykkluftsdrevne-verktoy/trykkluftspistol,Brand%3apaslode
verktoy/trykkluftsdrevne-verktoy/trykkluftspistol,Brand%3amax
verktoy/trykkluftsdrevne-verktoy/trykkluftspistol,Brand%3aaerfast
verktoy/trykkluftsdrevne-verktoy/trykkluftspistol,Brand%3aduo-fast
verktoy/trykkluftsdrevne-verktoy/trykkluftspistol,Brand%3abasso
verktoy/trykkluftsdrevne-verktoy/trykkluftspistol,Brand%3abosch
verktoy/trykkluftsdrevne-verktoy/trykkluftspistol,Brand%3adewalt
verktoy/trykkluftsdrevne-verktoy/trykkluftspistol,price%3a1000-5000
verktoy/trykkluftsdrevne-verktoy/trykkluftspistol,price%3aover-5000
maleinstrumenter/ventilasjonsmaler/trykkmaler,Brand%3akimo
maleinstrumenter/ventilasjonsmaler/turtallsmaler,Brand%3akimo
maleinstrumenter/ventilasjonsmaler/turtallsmaler,Brand%3ahioki
byggtilbehor/markeringsfarge/utrustning,Brand%3asoppec
byggtilbehor/byggsentral/uttaksentral,Brand:el-bj%C3%B6rn
byggtilbehor/byggsentral/uttaksentral,price%3a1000-5000
byggtilbehor/arbetsklar/varmejakke,Brand%3amilwaukee
verktoy/nettdrevne-verktoy/varmluftspistol,Brand%3amakita
verktoy/nettdrevne-verktoy/varmluftspistol,Brand%3arapid
verktoy/nettdrevne-verktoy/varmluftspistol,Brand%3abosch
verktoy/nettdrevne-verktoy/varmluftspistol,Brand%3ahitachi
verktoy/nettdrevne-verktoy/varmluftspistol,price%3aunder-1000
byggtilbehor/vater,Brand%3abosch
byggtilbehor/vater,Brand%3ageo+fennel
byggtilbehor/vater,Brand%3ahultafors
byggtilbehor/vater,Brand%3anedo
byggtilbehor/vater,price%3aunder-1000
byggtilbehor/vater,price%3a1000-5000
maleinstrumenter/ventilasjonsmaler,Brand%3akimo
maleinstrumenter/ventilasjonsmaler,Brand%3ahioki
verktoy,Brand%3abosch
verktoy,Brand%3amakita
verktoy,Brand%3amilwaukee
verktoy,Brand%3aflex
verktoy,Brand%3adewalt
verktoy,Brand%3ahitachi
verktoy,Brand%3afein
verktoy,Brand%3abahco
verktoy,Brand%3arothenberger
verktoy,Brand%3adremel
verktoy,price%3aunder-1000
verktoy,price%3a1000-5000
verktoy,price%3aover-5000
verktoy/handverktoy/verktoyvogn,Brand%3abahco
verktoy/handverktoy/verktoyvogn,price%3aover-5000
verneutstyr/fallsikringsutstyr/verktygslina,Brand%3abahco
verktoy/handverktoy/verktygsskap,Brand%3abahco
maleinstrumenter/sokeverktoy/videoskop,Brand%3aflir
maleinstrumenter/sokeverktoy/videoskop,Brand%3arothenberger
maleinstrumenter/sokeverktoy/videoskop,Brand%3akimo
maleinstrumenter/sokeverktoy/videoskop,Brand%3abosch
maleinstrumenter/sokeverktoy/videoskop,price%3aover-5000
verneutstyr/vernehjelm/visirhjelm,Brand%3a3m+peltor